FPObservation.id,subject.reference,category[->],code[->],valueCodeableConcept[->],valueQuantity,dataAbsentReason,effectiveDateTime,performer.reference[...],derivedFrom.reference[...],extension-event-location.reference,encounter.reference
CSC-SNF-PHQ9-1-Ob-Question-16,patientBSJ1,mental-functions,"Trouble falling or staying asleep, or sleeping too much in last 2 weeks.frequency [Reported PHQ-9 CMS]",2-6 days (several days),,,2020-07-11T11:30:00-05:00,Role-SLP-LunaBaskins,QResponse-SNF-PHQ9-1,Org-Loc-03,
CSC-SNF-BIMS-1-Ob-Question-6,patientBSJ1,mental-functions,Temporal orientation - current day of the week [BIMS],Correct,,,2020-07-11T11:30:00-05:00,Role-SLP-HoneyJones,QResponse-SNF-BIMS-1,Org-Loc-02,
CSC-SNF-CAM-Admission-1-Ob-Question-1,patientBSJ1,mental-functions,Acute onset mental status change [CAM.CMS],No,,,2020-04-09T18:00:00-05:00,Role-SLP-HoneyJones,QResponse-SNF-CAM-Admission-1,Org-Loc-02,
CSC-SNF-PHQ9-1-Ob-Question-20,patientBSJ1,mental-functions,Poor appetite or overeating in last 2 weeks.frequency [Reported PHQ-9 CMS],Never or 1 day,,,2020-07-11T11:30:00-05:00,Role-SLP-LunaBaskins,QResponse-SNF-PHQ9-1,Org-Loc-03,
CSC-SNF-PHQ9-1-Ob-Question-21,patientBSJ1,mental-functions,Feeling bad about yourself - or that you are a failure or have let yourself or your family down in last 2 weeks.presence [Reported PHQ-9 CMS],No,,,2020-07-11T11:30:00-05:00,Role-SLP-LunaBaskins,QResponse-SNF-PHQ9-1,Org-Loc-03,
CSC-SNF-BIMS-1-Ob-Question-7,patientBSJ1,mental-functions,Recall - sock [BIMS],"Yes, after cueing (""something to wear"")",,,2020-07-11T11:30:00-05:00,Role-SLP-HoneyJones,QResponse-SNF-BIMS-1,Org-Loc-02,
CSC-SNF-PHQ9-1-Ob-Question-17,patientBSJ1,mental-functions,Feeling tired or having little energy in last 2 weeks.presence [Reported PHQ-9 CMS],No,,,2020-07-11T11:30:00-05:00,Role-SLP-LunaBaskins,QResponse-SNF-PHQ9-1,Org-Loc-03,
CSC-SNF-PHQ9-1-Ob-Question-26,patientBSJ1,mental-functions,Moving or speaking so slowly that other people could have noticed. Or the opposite - being so fidgety or restless that you have been moving around a lot more than usual in last 2 weeks.frequency [Reported PHQ-9 CMS],Never or 1 day,,,2020-07-11T11:30:00-05:00,Role-SLP-LunaBaskins,QResponse-SNF-PHQ9-1,Org-Loc-03,
CSC-SNF-PHQ9-1-Ob-Question-11,patientBSJ1,mental-functions,Little interest or pleasure in doing things in last 2 weeks.presence [Reported PHQ-9 CMS],Yes,,,2020-07-11T11:30:00-05:00,Role-SLP-LunaBaskins,QResponse-SNF-PHQ9-1,Org-Loc-03,
CSC-Hospital-MMSE-1-Ob-Question-31,patientBSJ1,mental-functions,Total score [MMSE],,20 '{score}',,2020-07-08T17:32:00-05:00,Role-SLP-JennyGlass,QResponse-Hospital-MMSE-1,Org-Loc-01,
CSC-SNF-PHQ9-1-Ob-Question-27,patientBSJ1,mental-functions,"Thoughts that you would be better off dead, or of hurting yourself in some way in last 2 weeks.presence [Reported PHQ-9 CMS]",No response,,,2020-07-11T11:30:00-05:00,Role-SLP-LunaBaskins,QResponse-SNF-PHQ9-1,Org-Loc-03,
CSC-SNF-PHQ9-1-Ob-Question-24,patientBSJ1,mental-functions,"Trouble concentrating on things, such as reading the newspaper or watching television in last 2 weeks.frequency [Reported PHQ-9 CMS]",Never or 1 day,,,2020-07-11T11:30:00-05:00,Role-SLP-LunaBaskins,QResponse-SNF-PHQ9-1,Org-Loc-03,
CSC-SNF-CAM-Admission-1-Ob-Question-5,patientBSJ1,mental-functions,Disorganized thinking in last 7 days [CAM.CMS],Behavior not present,,,2020-04-09T18:00:00-05:00,Role-SLP-HoneyJones,QResponse-SNF-CAM-Admission-1,Org-Loc-02,
CSC-SNF-PHQ9-1-Ob-Question-28,patientBSJ1,mental-functions,"Thoughts that you would be better off dead, or of hurting yourself in some way in last 2 weeks.frequency [Reported PHQ-9 CMS]",,,"http://terminology.hl7.org/CodeSystem/data-absent-reason#not-asked ""Not Asked""",2020-07-11T11:30:00-05:00,Role-SLP-LunaBaskins,QResponse-SNF-PHQ9-1,Org-Loc-03,
CSC-SNF-PHQ9-1-Ob-Question-12,patientBSJ1,mental-functions,Little interest or pleasure in doing things in last 2 weeks.frequency [Reported PHQ-9 CMS],2-6 days (several days),,,2020-07-11T11:30:00-05:00,Role-SLP-LunaBaskins,QResponse-SNF-PHQ9-1,Org-Loc-03,
CSC-SNF-BIMS-1-Ob-Question-10,patientBSJ1,mental-functions,Brief Interview for Mental Status - summary score [BIMS],,9 '{score}',,2020-07-11T11:30:00-05:00,Role-SLP-HoneyJones,QResponse-SNF-BIMS-1,Org-Loc-02,
CSC-SNF-PHQ9-1-Ob-Question-13,patientBSJ1,mental-functions,"Feeling down, depressed or hopeless in last 2 weeks.presence [Reported PHQ-9 CMS]",Yes,,,2020-07-11T11:30:00-05:00,Role-SLP-LunaBaskins,QResponse-SNF-PHQ9-1,Org-Loc-03,
CSC-SNF-BIMS-1-Ob-Question-3,patientBSJ1,mental-functions,Repetition of three words # [BIMS],Two,,,2020-07-11T11:30:00-05:00,Role-SLP-HoneyJones,QResponse-SNF-BIMS-1,Org-Loc-02,
CSC-SNF-PHQ9-1-Ob-Question-29,patientBSJ1,mental-functions,Mood interview total severity score [Reported PHQ-9 CMS],,3 '{score}',,2020-07-11T11:30:00-05:00,Role-SLP-LunaBaskins,QResponse-SNF-PHQ9-1,Org-Loc-03,
CSC-Hospital-MOCA-1-Ob-Question-1,patientBSJ1,mental-functions,Total score [MoCA],,18 '{score}',,2020-07-08T17:32:00-05:00,Role-SLP-JennyGlass,QResponse-Hospital-MOCA-1,Org-Loc-01,
CSC-SNF-PHQ9-1-Ob-Question-25,patientBSJ1,mental-functions,Moving or speaking so slowly that other people could have noticed. Or the opposite - being so fidgety or restless that you have been moving around a lot more than usual in last 2 weeks.presence [Reported PHQ-9 CMS],No,,,2020-07-11T11:30:00-05:00,Role-SLP-LunaBaskins,QResponse-SNF-PHQ9-1,Org-Loc-03,
CSC-SNF-BIMS-1-Ob-Question-4,patientBSJ1,mental-functions,Temporal orientation - current year [BIMS],Missed by 1 year,,,2020-07-11T11:30:00-05:00,Role-SLP-HoneyJones,QResponse-SNF-BIMS-1,Org-Loc-02,
CSC-SNF-PHQ9-1-Ob-Question-14,patientBSJ1,mental-functions,"Feeling down, depressed or hopeless in last 2 weeks.frequency [Reported PHQ-9 CMS]",2-6 days (several days),,,2020-07-11T11:30:00-05:00,Role-SLP-LunaBaskins,QResponse-SNF-PHQ9-1,Org-Loc-03,
CSC-SNF-BIMS-1-Ob-Question-8,patientBSJ1,mental-functions,Recall - blue [BIMS],"Yes, after cueing (""a color"")",,,2020-07-11T11:30:00-05:00,Role-SLP-HoneyJones,QResponse-SNF-BIMS-1,Org-Loc-02,
CSC-SNF-PHQ9-1-Ob-Question-22,patientBSJ1,mental-functions,Feeling bad about yourself - or that you are a failure or have let yourself or your family down in last 2 weeks.frequency [Reported PHQ-9 CMS],Never or 1 day,,,2020-07-11T11:30:00-05:00,Role-SLP-LunaBaskins,QResponse-SNF-PHQ9-1,Org-Loc-03,
CSC-SNF-PHQ9-1-Ob-Question-18,patientBSJ1,mental-functions,Feeling tired or having little energy in last 2 weeks.frequency [Reported PHQ-9 CMS],Never or 1 day,,,2020-07-11T11:30:00-05:00,Role-SLP-LunaBaskins,QResponse-SNF-PHQ9-1,Org-Loc-03,
CSC-SNF-CAM-Admission-1-Ob-Question-3,patientBSJ1,mental-functions,Inattention in last 7 days [CAM.CMS],Behavior not present,,,2020-04-09T18:00:00-05:00,Role-SLP-HoneyJones,QResponse-SNF-CAM-Admission-1,Org-Loc-02,
CSC-SNF-PHQ9-1-Ob-Question-19,patientBSJ1,mental-functions,Poor appetite or overeating in last 2 weeks.presence [Reported PHQ-9 CMS],No,,,2020-07-11T11:30:00-05:00,Role-SLP-LunaBaskins,QResponse-SNF-PHQ9-1,Org-Loc-03,
CSC-SNF-PHQ9-1-Ob-Question-23,patientBSJ1,mental-functions,"Trouble concentrating on things, such as reading the newspaper or watching television in last 2 weeks.presence [Reported PHQ-9 CMS]",No,,,2020-07-11T11:30:00-05:00,Role-SLP-LunaBaskins,QResponse-SNF-PHQ9-1,Org-Loc-03,
CSC-SNF-BIMS-1-Ob-Question-9,patientBSJ1,mental-functions,Recall - bed [BIMS],"Yes, after cueing (""a piece of furniture"")",,,2020-07-11T11:30:00-05:00,Role-SLP-HoneyJones,QResponse-SNF-BIMS-1,Org-Loc-02,
CSC-SNF-PHQ9-1-Ob-Question-15,patientBSJ1,mental-functions,"Trouble falling or staying asleep, or sleeping too much in last 2 weeks.presence [Reported PHQ-9 CMS]",Yes,,,2020-07-11T11:30:00-05:00,Role-SLP-LunaBaskins,QResponse-SNF-PHQ9-1,Org-Loc-03,
CSC-SNF-BIMS-1-Ob-Question-5,patientBSJ1,mental-functions,Temporal orientation - current month [BIMS],Missed by 6 days to 1 month,,,2020-07-11T11:30:00-05:00,Role-SLP-HoneyJones,QResponse-SNF-BIMS-1,Org-Loc-02,